fasta	Name	tRNA #	Begin	End	Type	Codon	Score	Note
final_contigs_AG-910-A06	final_contigs_AG-910-A06_AG-910-A06_NODE_1 	1	51829	51905	Arg	TCT	79.6	
final_contigs_AG-910-A06	final_contigs_AG-910-A06_AG-910-A06_NODE_1 	2	114444	114519	Lys	TTT	76.9	
final_contigs_AG-910-A06	final_contigs_AG-910-A06_AG-910-A06_NODE_1 	3	129242	129318	Pro	TGG	81.1	
final_contigs_AG-910-A06	final_contigs_AG-910-A06_AG-910-A06_NODE_1 	4	131585	131659	Glu	TTC	52.2	
final_contigs_AG-910-A06	final_contigs_AG-910-A06_AG-910-A06_NODE_1 	5	173413	173326	Ser	GCT	61.4	
final_contigs_AG-910-A06	final_contigs_AG-910-A06_AG-910-A06_NODE_1 	6	118414	118328	Ser	TGA	78.6	
final_contigs_AG-910-A06	final_contigs_AG-910-A06_AG-910-A06_NODE_1 	7	57022	56949	Cys	GCA	62.0	
final_contigs_AG-910-A06	final_contigs_AG-910-A06_AG-910-A06_NODE_1 	8	56899	56827	Asn	GTT	81.5	
final_contigs_AG-910-A06	final_contigs_AG-910-A06_AG-910-A06_NODE_2 	1	38242	38315	Thr	GGT	55.9	
final_contigs_AG-910-A06	final_contigs_AG-910-A06_AG-910-A06_NODE_2 	2	34139	34067	Phe	GAA	71.3	
final_contigs_AG-910-A06	final_contigs_AG-910-A06_AG-910-A06_NODE_2 	3	33501	33430	His	GTG	47.2	
final_contigs_AG-910-A06	final_contigs_AG-910-A06_AG-910-A06_NODE_5 	1	14215	14300	Leu	TAA	60.2	
final_contigs_AG-910-A06	final_contigs_AG-910-A06_AG-910-A06_NODE_5 	2	18350	18435	Tyr	GTA	71.3	
final_contigs_AG-910-A06	final_contigs_AG-910-A06_AG-910-A06_NODE_5 	3	18478	18551	Gly	TCC	67.9	
final_contigs_AG-910-A06	final_contigs_AG-910-A06_AG-910-A06_NODE_5 	4	19788	19863	Trp	CCA	73.6	
final_contigs_AG-910-A06	final_contigs_AG-910-A06_AG-910-A06_NODE_5 	5	17438	17366	Thr	TGT	77.2	
final_contigs_AG-910-A06	final_contigs_AG-910-A06_AG-910-A06_NODE_6 	1	14956	15042	Leu	CAA	70.3	
final_contigs_AG-910-A06	final_contigs_AG-910-A06_AG-910-A06_NODE_6 	2	26964	26891	Arg	ACG	71.5	
final_contigs_AG-910-A06	final_contigs_AG-910-A06_AG-910-A06_NODE_9 	1	26218	26145	Arg	TCG	68.2	
final_contigs_AG-910-A06	final_contigs_AG-910-A06_AG-910-A06_NODE_9 	2	8850	8768	Leu	GAG	55.5	
final_contigs_AG-910-A06	final_contigs_AG-910-A06_AG-910-A06_NODE_11	1	5319	5248	Val	GAC	37.6	
final_contigs_AG-910-A06	final_contigs_AG-910-A06_AG-910-A06_NODE_18	1	7455	7531	Met	CAT	72.2	
final_contigs_AG-910-A06	final_contigs_AG-910-A06_AG-910-A06_NODE_27	1	5080	5164	Leu	TAG	62.0	
final_contigs_AG-910-A10	final_contigs_AG-910-A10_AG-910-A10_NODE_1 	1	130629	130718	Ser	GCT	82.3	
final_contigs_AG-910-A10	final_contigs_AG-910-A10_AG-910-A10_NODE_1 	2	116974	116903	Asn	GTT	71.9	
final_contigs_AG-910-A10	final_contigs_AG-910-A10_AG-910-A10_NODE_1 	3	9373	9300	Pro	GGG	71.6	
final_contigs_AG-910-A10	final_contigs_AG-910-A10_AG-910-A10_NODE_3 	1	67497	67573	Met	CAT	86.6	
final_contigs_AG-910-A10	final_contigs_AG-910-A10_AG-910-A10_NODE_3 	2	68152	68221	Ile	AAT	20.1	
final_contigs_AG-910-A10	final_contigs_AG-910-A10_AG-910-A10_NODE_3 	3	17474	17402	Phe	GAA	77.2	
final_contigs_AG-910-A10	final_contigs_AG-910-A10_AG-910-A10_NODE_4 	1	80613	80689	Thr	TGT	66.7	
final_contigs_AG-910-A10	final_contigs_AG-910-A10_AG-910-A10_NODE_4 	2	79229	79148	Tyr	GTA	62.8	
final_contigs_AG-910-A10	final_contigs_AG-910-A10_AG-910-A10_NODE_4 	3	79040	78966	Thr	GGT	75.6	
final_contigs_AG-910-A10	final_contigs_AG-910-A10_AG-910-A10_NODE_4 	4	77668	77596	Trp	CCA	76.4	
final_contigs_AG-910-A10	final_contigs_AG-910-A10_AG-910-A10_NODE_5 	1	74729	74643	Ser	TGA	75.3	
final_contigs_AG-910-A10	final_contigs_AG-910-A10_AG-910-A10_NODE_6 	1	3940	4016	Arg	TCG	72.6	
final_contigs_AG-910-A10	final_contigs_AG-910-A10_AG-910-A10_NODE_6 	2	43158	43086	Ala	GGC	71.3	
final_contigs_AG-910-A10	final_contigs_AG-910-A10_AG-910-A10_NODE_6 	3	8317	8231	Ser	GGA	67.1	
final_contigs_AG-910-A10	final_contigs_AG-910-A10_AG-910-A10_NODE_11	1	17438	17513	Gly	GCC	79.3	
final_contigs_AG-910-A10	final_contigs_AG-910-A10_AG-910-A10_NODE_12	1	7846	7772	Arg	ACG	80.1	
final_contigs_AG-910-A10	final_contigs_AG-910-A10_AG-910-A10_NODE_15	1	2662	2737	Ala	TGC	75.0	
final_contigs_AG-910-A10	final_contigs_AG-910-A10_AG-910-A10_NODE_16	1	1192	1267	Met	CAT	68.3	
final_contigs_AG-910-A10	final_contigs_AG-910-A10_AG-910-A10_NODE_16	2	9717	9644	Met	CAT	70.6	
final_contigs_AG-910-A10	final_contigs_AG-910-A10_AG-910-A10_NODE_16	3	1089	1006	Leu	GAG	63.8	
final_contigs_AG-910-A10	final_contigs_AG-910-A10_AG-910-A10_NODE_17	1	4024	3950	Ile	GAT	81.9	
final_contigs_AG-910-A10	final_contigs_AG-910-A10_AG-910-A10_NODE_24	1	2067	2142	Gly	TCC	64.9	
final_contigs_AG-910-A10	final_contigs_AG-910-A10_AG-910-A10_NODE_27	1	2137	2221	Leu	TAG	59.7	
final_contigs_AG-910-A02	final_contigs_AG-910-A02_AG-910-A02_NODE_1 	1	69707	69795	Ser	GCT	74.6	
final_contigs_AG-910-A02	final_contigs_AG-910-A02_AG-910-A02_NODE_1 	2	93139	93223	Leu	TAG	59.4	
final_contigs_AG-910-A02	final_contigs_AG-910-A02_AG-910-A02_NODE_1 	3	114125	114201	Val	GAC	73.7	
final_contigs_AG-910-A02	final_contigs_AG-910-A02_AG-910-A02_NODE_1 	4	58486	58414	Asn	GTT	75.4	
final_contigs_AG-910-A02	final_contigs_AG-910-A02_AG-910-A02_NODE_3 	1	21045	21119	Gln	TTG	62.8	
final_contigs_AG-910-A02	final_contigs_AG-910-A02_AG-910-A02_NODE_3 	2	26632	26708	Met	CAT	80.5	
final_contigs_AG-910-A02	final_contigs_AG-910-A02_AG-910-A02_NODE_3 	3	41656	41741	Leu	GAG	61.3	
final_contigs_AG-910-A02	final_contigs_AG-910-A02_AG-910-A02_NODE_3 	4	41590	41515	Met	CAT	69.1	
final_contigs_AG-910-A02	final_contigs_AG-910-A02_AG-910-A02_NODE_5 	1	24449	24377	Ala	TGC	74.2	
final_contigs_AG-910-A02	final_contigs_AG-910-A02_AG-910-A02_NODE_7 	1	25311	25238	Cys	GCA	58.2	
final_contigs_AG-910-A02	final_contigs_AG-910-A02_AG-910-A02_NODE_7 	2	22531	22448	Leu	TAA	68.9	
final_contigs_AG-910-A02	final_contigs_AG-910-A02_AG-910-A02_NODE_8 	1	2680	2764	Leu	CAA	56.8	
final_contigs_AG-910-A02	final_contigs_AG-910-A02_AG-910-A02_NODE_8 	2	16467	16543	Arg	ACG	74.6	
final_contigs_AG-910-A02	final_contigs_AG-910-A02_AG-910-A02_NODE_8 	3	18276	18352	Arg	TCG	74.9	
final_contigs_AG-910-A02	final_contigs_AG-910-A02_AG-910-A02_NODE_9 	1	16883	16808	Glu	TTC	55.0	
final_contigs_AG-910-A02	final_contigs_AG-910-A02_AG-910-A02_NODE_11	1	4628	4555	Val	TAC	85.3	
final_contigs_AG-910-A02	final_contigs_AG-910-A02_AG-910-A02_NODE_11	2	3248	3175	Asp	GTC	77.0	
final_contigs_AG-910-A02	final_contigs_AG-910-A02_AG-910-A02_NODE_12	1	4219	4295	Met	CAT	86.6	
final_contigs_AG-910-A02	final_contigs_AG-910-A02_AG-910-A02_NODE_15	1	3310	3237	Pro	TGG	82.4	
final_contigs_AG-910-A02	final_contigs_AG-910-A02_AG-910-A02_NODE_15	2	712	639	Arg	TCT	79.8	
final_contigs_AG-910-A02	final_contigs_AG-910-A02_AG-910-A02_NODE_20	1	2236	2160	His	GTG	72.4	
final_contigs_AG-910-A04	final_contigs_AG-910-A04_AG-910-A04_NODE_1 	1	9836	9924	Ser	CGA	70.3	
final_contigs_AG-910-A04	final_contigs_AG-910-A04_AG-910-A04_NODE_1 	2	16994	17068	Ile	GAT	80.2	
final_contigs_AG-910-A04	final_contigs_AG-910-A04_AG-910-A04_NODE_1 	3	16904	16832	Ala	TGC	81.8	
final_contigs_AG-910-A04	final_contigs_AG-910-A04_AG-910-A04_NODE_1 	4	9331	9243	Ser	GGA	66.0	
final_contigs_AG-910-A04	final_contigs_AG-910-A04_AG-910-A04_NODE_1 	5	9225	9140	Ser	TGA	71.8	
final_contigs_AG-910-A04	final_contigs_AG-910-A04_AG-910-A04_NODE_1 	6	9132	9044	Ser	GCT	90.1	
final_contigs_AG-910-A04	final_contigs_AG-910-A04_AG-910-A04_NODE_1 	7	9039	8966	Arg	ACG	69.7	
final_contigs_AG-910-A04	final_contigs_AG-910-A04_AG-910-A04_NODE_2 	1	70003	69932	Gln	TTG	54.8	
final_contigs_AG-910-A04	final_contigs_AG-910-A04_AG-910-A04_NODE_3 	1	56	131	Glu	CTC	62.6	
final_contigs_AG-910-A04	final_contigs_AG-910-A04_AG-910-A04_NODE_5 	1	8221	8295	Pro	TGG	81.2	
final_contigs_AG-910-A04	final_contigs_AG-910-A04_AG-910-A04_NODE_5 	2	8301	8373	Gly	TCC	67.5	
final_contigs_AG-910-A04	final_contigs_AG-910-A04_AG-910-A04_NODE_5 	3	8378	8451	Arg	TCT	71.7	
final_contigs_AG-910-A04	final_contigs_AG-910-A04_AG-910-A04_NODE_5 	4	8457	8533	His	GTG	77.0	
final_contigs_AG-910-A04	final_contigs_AG-910-A04_AG-910-A04_NODE_5 	5	30387	30459	Ala	GGC	74.7	
final_contigs_AG-910-A04	final_contigs_AG-910-A04_AG-910-A04_NODE_5 	6	49159	49231	Asn	GTT	78.6	
final_contigs_AG-910-A04	final_contigs_AG-910-A04_AG-910-A04_NODE_5 	7	49577	49650	Met	CAT	86.9	
final_contigs_AG-910-A04	final_contigs_AG-910-A04_AG-910-A04_NODE_5 	8	8125	8053	Lys	CTT	76.7	
final_contigs_AG-910-A04	final_contigs_AG-910-A04_AG-910-A04_NODE_5 	9	8041	7959	Leu	TAG	69.1	
final_contigs_AG-910-A04	final_contigs_AG-910-A04_AG-910-A04_NODE_24	1	896	843	Ser	CGA	22.1	pseudo
